Genome,Gene_Count
23G4B09,3
Curtobacterium_GCF_003234185.1_ASM323418v1_genomic,1063
28G3B10,958
Curtobacterium_GCF_001864855.1_ASM186485v1_genomic,950
36G3B02,417
Curtobacterium_GCF_003234655.1_ASM323465v1_genomic,980
36G3B05,141
Curtobacterium_GCF_013204965.1_ASM1320496v1_genomic,915
33G1B11,932
Curtobacterium_GCF_003234525.1_ASM323452v1_genomic,989
02G2A03,1012
36G4B04,987
Curtobacterium_GCF_003224375.1_ASM322437v1_genomic,3
41G1B04,986
36G4B07,2
Curtobacterium_GCF_013205045.1_ASM1320504v1_genomic,950
12G2A10,1026
Curtobacterium_GCF_001865105.1_ASM186510v1_genomic,931
02G3A08,1074
20G2A05,1071
25D05,805
19G4A01,283
Curtobacterium_GCF_001864905.1_ASM186490v1_genomic,692
Curtobacterium_GCF_003234705.1_ASM323470v1_genomic,826
28G4A01,673
28G4A02,715
28G4A03,980
28G4A04,978
Curtobacterium_GCF_003234445.1_ASM323444v1_genomic,1006
28G4A05,838
28G4A06,4
28G4A09,10
16G2A12,1074
Curtobacterium_GCF_003224295.1_ASM322429v1_genomic,1061
Curtobacterium_GCF_009363215.3_ASM936321v3_genomic,967
09G3B12,974
Curtobacterium_GCF_011759505.1_ASM1175950v1_genomic,952
30G3A10,941
28G1A01,1059
28G1A02,1041
28G1A03,912
28G1A04,1005
Curtobacterium_GCF_005938005.2_ASM593800v2_genomic,981
28G1A05,894
28G1A06,860
23D01,1058
28G1A07,3
23D02,1048
28G1A08,1067
23D03,21
28G1A09,926
23D06,905
33G2A09,970
23D08,876
Curtobacterium_GCF_003814955.1_ASM381495v1_genomic,993
Curtobacterium_GCF_902506155.1_CURTO8I2_assembly_genomic,664
28G2A02,989
28G2A04,829
23G1B10,6
28G2A06,1057
28G2A07,869
28G2A08,810
28D04,1064
28G2A09,971
33G3A07,1
28D06,1034
33G3A09,7
Curtobacterium_GCF_003234365.1_ASM323436v1_genomic,957
08G1B09,3
28D09,947
Curtobacterium_GCF_003762905.1_ASM376290v1_genomic,919
24G4A05,785
04G3B05,1019
28G3A01,992
28G3A02,4
28G3A03,901
28G3A04,945
28G3A05,854
23G2B10,897
28G3A06,771
23G2B11,871
28G3A07,1070
26G1B04,1020
26G1B06,6
Curtobacterium_GCF_003224215.1_ASM322421v1_genomic,743
35G1B03,980
35G1B04,818
Curtobacterium_GCF_003752025.1_ASM375202v1_genomic,1022
33G1A03,1018
23G3B11,10
23G3B12,4
Curtobacterium_GCF_003234885.1_ASM323488v1_genomic,826
Curtobacterium_GCF_001571045.1_ASM157104v1_genomic,1037
54.4B,940
37G4A03,934
Curtobacterium_GCF_001742745.1_ASM174274v1_genomic,1066
35G2B07,2
23G4B10,779
26G3B01,768
Curtobacterium_GCF_001422205.1_Leaf261_genomic,1071
26G3B03,863
32G4B12,1067
Curtobacterium_GCF_003234595.1_ASM323459v1_genomic,688
Curtobacterium_GCF_902706105.1_n18060v0.1_genomic,931
35G3B01,968
35G3B02,2
Curtobacterium_GCF_003752545.1_ASM375254v1_genomic,902
Curtobacterium_GCF_007673235.1_ASM767323v1_genomic,1059
35G3B03,992
35G3B09,3
Curtobacterium_GCF_013359885.1_ASM1335988v1_genomic,962
40G1B01,979
Curtobacterium_GCF_003751745.1_ASM375174v1_genomic,1027
35G4B09,890
Curtobacterium_GCF_003234335.1_ASM323433v1_genomic,845
18G3A05,1073
39G3B09,823
Curtobacterium_GCF_003234805.1_ASM323480v1_genomic,887
Curtobacterium_GCF_003224315.1_ASM322431v1_genomic,990
18G4A01,816
23G1A01,1054
23G1A02,1053
23G1A03,146
23G1A04,7
23G1A05,1003
23G1A06,863
Curtobacterium_GCF_004361695.1_ASM436169v1_genomic,1010
23G1A07,1063
23G1A09,957
40G3B03,4
Curtobacterium_GCF_000772085.1_ASM77208v1_genomic,1074
09G1A07,969
Curtobacterium_GCF_004341785.1_ASM434178v1_genomic,3
Curtobacterium_GCF_903970855.1_ASM90397085v1_genomic,1041
Curtobacterium_GCF_003234855.1_ASM323485v1_genomic,958
Curtobacterium_GCF_003234515.1_ASM323451v1_genomic,1065
28G4A10,17
18G1A02,1066
23G2A01,1017
23G2A03,818
23G2A04,960
23G2A05,766
18G1A07,1074
23G2A07,974
23G2A08,5
Curtobacterium_GCF_003234255.1_ASM323425v1_genomic,9
28G1A10,1050
23G3A03,860
23G3A05,871
23G3A06,877
Curtobacterium_GCF_900113095.1_IMG-taxon_2616644843_annotated_assembly_genomic,985
23G3A08,837
Curtobacterium_GCF_004346855.1_ASM434685v1_genomic,845
Curtobacterium_GCF_004346515.1_ASM434651v1_genomic,800
Curtobacterium_GCF_007672875.1_ASM767287v1_genomic,870
28G2A10,26
Curtobacterium_GCF_001864975.1_ASM186497v1_genomic,15
23G4A02,917
28D10,1021
23G4A03,784
23G4A04,1074
36G2A02,1020
Curtobacterium_GCF_003234775.1_ASM323477v1_genomic,974
Curtobacterium_GCF_003234435.1_ASM323443v1_genomic,212
23G4A07,12
23G4A08,558
23G4A09,686
24G4A10,935
36G2A07,822
37G2A11,900
Curtobacterium_GCF_004340725.1_ASM434072v1_genomic,950
32G4A01,907
Curtobacterium_GCF_003234175.1_ASM323417v1_genomic,1066
Curtobacterium_GCF_001864845.1_ASM186484v1_genomic,1042
32G4A07,947
28G3A10,874
Curtobacterium_GCF_003234305.1_ASM323430v1_genomic,939
Curtobacterium_GCF_003242985.1_ASM324298v1_genomic,5
Curtobacterium_GCF_003234045.1_ASM323404v1_genomic,910
Curtobacterium_GCF_001865095.1_ASM186509v1_genomic,1008
41G1A01,894
30G3B09,1064
Curtobacterium_GCF_001864895.1_ASM186489v1_genomic,541
Curtobacterium_GCF_013359865.1_ASM1335986v1_genomic,1061
Curtobacterium_GCF_003234695.1_ASM323469v1_genomic,962
Curtobacterium_GCF_003234355.1_ASM323435v1_genomic,937
Curtobacterium_GCF_007673775.1_ASM767377v1_genomic,1072
25G3B04,818
30G4B06,986
26G3B10,1014
Curtobacterium_GCF_004365385.1_ASM436538v1_genomic,6
Curtobacterium_GCF_003234565.1_ASM323456v1_genomic,982
Curtobacterium_GCF_003234225.1_ASM323422v1_genomic,971
Curtobacterium_GCF_004103915.1_ASM410391v1_genomic,955
35G3B10,16
35G3B11,2
30G1B03,938
25G4B06,1053
Curtobacterium_GCF_006438835.1_ASM643883v1_genomic,645
30G1B06,908
26G4B12,974
Curtobacterium_GCF_001475545.1_ASM147554v1_genomic,1063
Curtobacterium_GCF_002025645.1_ASM202564v1_genomic,1064
Curtobacterium_GCF_000686685.1_ASM68668v1_genomic,949
41G3A07,972
Curtobacterium_GCF_003751685.1_ASM375168v1_genomic,1042
Curtobacterium_GCF_003989515.1_ASM398951v1_genomic,1062
Curtobacterium_GCF_000834535.1_ASM83453v1_genomic,806
35G4B10,914
Curtobacterium_GCF_003224415.1_ASM322441v1_genomic,956
04G1A01,1073
Curtobacterium_GCF_007680845.1_ASM768084v1_genomic,1069
Curtobacterium_GCF_001865015.1_ASM186501v1_genomic,953
Curtobacterium_GCF_003234745.1_ASM323474v1_genomic,942
Napa-12,933
08G4A02,47
Napa-18,6
Curtobacterium_GCF_003234485.1_ASM323448v1_genomic,763
Curtobacterium_GCF_003234145.1_ASM323414v1_genomic,721
Curtobacterium_GCF_003234615.1_ASM323461v1_genomic,495
04G2A08,1074
Curtobacterium_GCF_001424595.1_Leaf154_genomic,818
Curtobacterium_GCF_001476135.1_ASM147613v1_genomic,968
23G1A10,977
08G1A03,1054
Curtobacterium_GCF_001865065.1_ASM186506v1_genomic,994
Curtobacterium_GCF_002412165.1_ASM241216v1_genomic,1067
Curtobacterium_GCF_004365305.1_ASM436530v1_genomic,619
Curtobacterium_GCF_903970945.1_ASM90397094v1_genomic,1039
Curtobacterium_GCF_003224335.1_ASM322433v1_genomic,3
02G1B04,1025
23G2A11,898
Curtobacterium_GCF_003234665.1_ASM323466v1_genomic,1
Curtobacterium_GCF_014156405.1_ASM1415640v1_genomic,957
26G1A06,827
Curtobacterium_GCF_003349855.1_ASM334985v1_genomic,1023
35G1A01,952
Curtobacterium_GCF_001705035.1_ASM170503v1_genomic,1073
35G1A05,962
Curtobacterium_GCF_003234875.1_ASM323487v1_genomic,854
35G1A07,9
23G3A10,292
Curtobacterium_GCF_003224385.1_ASM322438v1_genomic,949
Curtobacterium_GCF_005490985.1_ASM549098v1_genomic,1041
26G2A07,973
Curtobacterium_GCF_001806325.1_ASM180632v1_genomic,1066
19G3B04,1050
19G3B07,997
19G3B08,890
Curtobacterium_GCF_003752665.1_ASM375266v1_genomic,1
Curtobacterium_GCF_003234405.1_ASM323440v1_genomic,772
S.11,669
23G4B03D,840
35G2A07,880
23G4A10,889
35G2A08,12
Curtobacterium_GCF_003224255.1_ASM322425v1_genomic,1014
35G2A09,1025
Curtobacterium_GCF_003755065.1_ASM375506v1_genomic,1054
26G3A01,1045
Curtobacterium_GCF_004342995.1_ASM434299v1_genomic,909
26G3A06,3
26G3A08,805
39G1A08,888
39G1A09,674
Curtobacterium_GCF_013347145.1_ASM1334714v1_genomic,814
35G3A03,1049
35G3A04,1006
35G3A05,976
28G4B01,578
28G4B02,763
28G4B03,1069
28G4B05,315
28G4B06,50
Curtobacterium_GCF_003234795.1_ASM323479v1_genomic,991
Curtobacterium_GCF_003234115.1_ASM323411v1_genomic,950
24G2B02,900
19G1B04,1063
11G4B06,950
24G2B08,1016
Curtobacterium_GCF_900101675.1_IMG-taxon_2595698215_annotated_assembly_genomic,1010
35G4A01,1053
24G2B09,7
35G4A05,997
35G4A06,2
Curtobacterium_GCF_003224435.1_ASM322443v1_genomic,807
Curtobacterium_GCF_004341255.1_ASM434125v1_genomic,6
35G4A07,971
28G1B01,940
35G4A08,847
28G1B02,943
35G4A09,952
28G1B03,413
28G1B04,962
28G1B05,909
28G1B06,937
28G1B07,1066
Curtobacterium_GCF_001475775.1_ASM147577v1_genomic,1064
28G1B09,918
35D01,1059
35D02,966
37G1B08,1070
35D04,1038
35D06,918
Curtobacterium_GCF_001864835.1_ASM186483v1_genomic,1070
28G2B02,928
28G2B04,903
Curtobacterium_GCF_004340115.1_ASM434011v1_genomic,986
28G2B08,956
28G2B09,769
24G4B02,3
Curtobacterium_GCF_013359825.1_ASM1335982v1_genomic,969
37G2B01,43
Curtobacterium_GCF_003234035.1_ASM323403v1_genomic,817
Curtobacterium_GCF_001424385.1_Leaf183_genomic,1072
28G3B01,984
28G3B02,264
28G3B03,796
33G4B03,900
28G3B06,4
28G3B07,1010
28G3B08,729
Curtobacterium_GCF_003224355.1_ASM322435v1_genomic,2
28G3B09,926
Curtobacterium_GCF_003755165.1_ASM375516v1_genomic,972
33G4B08,853
33D06,1005
33G1B03,58
12G1A05,942
Curtobacterium_GCF_003234895.1_ASM323489v1_genomic,606
Curtobacterium_GCF_003234555.1_ASM323455v1_genomic,961
Curtobacterium_GCF_013348005.1_ASM1334800v1_genomic,909
04G2A10,1074
Curtobacterium_GCF_003234295.1_ASM323429v1_genomic,940
Curtobacterium_GCF_003224275.1_ASM322427v1_genomic,1043
Curtobacterium_GCF_000333315.1_ASM33331v1_genomic,1049
16G1A05,928
Curtobacterium_GCF_013359815.1_ASM1335981v1_genomic,5
Curtobacterium_GCF_001475745.1_ASM147574v1_genomic,1057
Curtobacterium_GCF_006715175.1_ASM671517v1_genomic,848
04D05,1073
Curtobacterium_GCF_003234475.1_ASM323447v1_genomic,900
25G2A02,968
30G3A09,1073
09D09,958
Curtobacterium_GCF_003234815.1_ASM323481v1_genomic,824
Curtobacterium_GCF_003234085.1_ASM323408v1_genomic,683
Curtobacterium_GCF_004365375.1_ASM436537v1_genomic,589
25G3A08,602
23G1B01,6
Curtobacterium_GCF_003234215.1_ASM323421v1_genomic,966
23G1B04,1068
Curtobacterium_GCF_014138325.1_ASM1413832v1_genomic,968
23G1B05,1055
02D05,1062
18G4B09,7
23G1B09,1010
35G3A10,969
Curtobacterium_GCF_003234395.1_ASM323439v1_genomic,4
30G1A01,915
Curtobacterium_GCF_003752345.1_ASM375234v1_genomic,2
25G4A05,1071
28G4B10,745
Curtobacterium_GCF_001865135.1_ASM186513v1_genomic,6
23G2B03,925
23G2B04,21
Curtobacterium_GCF_000349565.1_Curtobacterium_flaccumfaciens_UCD-AKU_genomic,810
Curtobacterium_GCF_003234265.1_ASM323426v1_genomic,1062
30D10,1056
Curtobacterium_GCF_001864935.1_ASM186493v1_genomic,920
32G2B05,879
32G2B08,869
28G1B10,900
Curtobacterium_GCF_003234735.1_ASM323473v1_genomic,852
23G3B01,679
39G3A10,873
23G3B05,1004
23G3B06,986
23G3B07,861
23G3B08,814
19G2B10,883
23G3B09,683
36G1B07,1030
Curtobacterium_GCF_003234135.1_ASM323413v1_genomic,642
36G1B08,915
Curtobacterium_GCF_900215175.1_IMG-taxon_2521172612_annotated_assembly_genomic,1048
Curtobacterium_GCF_003234605.1_ASM323460v1_genomic,495
28G2B10,45
32G3B09,977
Curtobacterium_GCF_000333375.1_ASM33337v1_genomic,1051
23G4B03,1048
23G4B04,2
Curtobacterium_GCF_001864985.1_ASM186498v1_genomic,5
23G4B06,7
23G4B07,852
Curtobacterium_GCF_001865055.1_ASM186505v1_genomic,836
